City_ID,City,Country,Date,Lat,Lng,Max Temp,Humidity,Cloudiness,Wind Speed
0,quatre cocos,MU,2021-12-26 20:38:46,-20.2078,57.7625,77.11,79,65,6.26
1,port hardy,CA,2021-12-26 20:36:03,50.6996,-127.4199,23.0,79,90,11.5
2,port elizabeth,ZA,2021-12-26 20:37:46,-33.918,25.5701,74.1,88,0,3.44
3,scottsbluff,US,2021-12-26 20:37:05,41.8666,-103.6672,57.63,39,1,9.22
4,albany,US,2021-12-26 20:36:00,42.6001,-73.9662,39.09,69,51,1.99
5,bluff,NZ,2021-12-26 20:38:47,-46.6,168.3333,57.79,64,36,16.15
6,butaritari,KI,2021-12-26 20:38:48,3.0707,172.7902,81.95,77,68,14.14
7,busselton,AU,2021-12-26 20:38:48,-33.65,115.3333,76.05,56,88,14.88
8,faanui,PF,2021-12-26 20:38:48,-16.4833,-151.75,80.85,67,95,9.78
9,guerrero negro,MX,2021-12-26 20:38:49,27.9769,-114.0611,64.56,57,100,17.05
10,punta arenas,CL,2021-12-26 20:37:23,-53.15,-70.9167,62.71,36,20,19.57
11,tongliao,CN,2021-12-26 20:38:50,43.6125,122.2653,3.78,81,8,8.5
12,ushuaia,AR,2021-12-26 20:38:50,-54.8,-68.3,55.06,44,20,25.32
13,novobirilyussy,RU,2021-12-26 20:38:50,56.9514,90.6661,-9.54,100,93,1.74
14,rikitea,PF,2021-12-26 20:34:19,-23.1203,-134.9692,74.62,88,100,25.86
15,tuktoyaktuk,CA,2021-12-26 20:38:51,69.4541,-133.0374,-7.6,71,90,20.71
16,port alfred,ZA,2021-12-26 20:38:52,-33.5906,26.891,71.64,86,95,2.8
17,luderitz,NA,2021-12-26 20:38:52,-26.6481,15.1594,63.57,90,0,1.1
18,jamestown,US,2021-12-26 20:35:04,42.097,-79.2353,38.52,77,90,4.0
19,severo-kurilsk,RU,2021-12-26 20:38:53,50.6789,156.125,28.11,80,100,25.81
20,akyab,MM,2021-12-26 20:38:53,20.15,92.9,64.63,75,0,6.96
21,el fuerte,MX,2021-12-26 20:38:54,26.4189,-108.6194,86.83,23,93,8.43
22,mar del plata,AR,2021-12-26 20:38:54,-38.0023,-57.5575,68.02,79,20,8.99
23,qaanaaq,GL,2021-12-26 20:38:54,77.484,-69.3632,-4.86,97,99,4.12
24,bethel,US,2021-12-26 20:38:55,41.3712,-73.414,46.69,64,75,1.01
25,sao joao da barra,BR,2021-12-26 20:38:55,-21.6403,-41.0511,80.69,79,0,9.33
26,hambantota,LK,2021-12-26 20:38:56,6.1241,81.1185,71.82,83,5,10.71
27,kapaa,US,2021-12-26 20:38:56,22.0752,-159.319,77.32,74,1,1.01
28,bara,NG,2021-12-26 20:38:57,10.3744,10.7288,75.88,25,1,7.7
29,tumut,AU,2021-12-26 20:38:57,-35.3,148.2167,61.79,68,0,1.77
30,yatou,CN,2021-12-26 20:38:57,37.15,122.3833,23.04,67,58,11.72
31,port macquarie,AU,2021-12-26 20:38:58,-31.4333,152.9167,71.89,94,75,8.05
32,bredasdorp,ZA,2021-12-26 20:38:58,-34.5322,20.0403,68.29,88,68,8.05
33,atuona,PF,2021-12-26 20:38:59,-9.8,-139.0333,79.3,69,89,18.5
34,beihai,CN,2021-12-26 20:38:59,21.4833,109.1,48.88,66,100,23.22
35,novooleksiyivka,UA,2021-12-26 20:38:59,46.2269,34.6428,29.07,97,100,12.37
36,port-gentil,GA,2021-12-26 20:39:00,-0.7193,8.7815,78.76,89,20,2.3
37,aykhal,RU,2021-12-26 20:39:00,66.0,111.5,-21.59,95,99,6.53
38,cantagallo,CO,2021-12-26 20:39:01,7.376,-73.9196,91.98,68,40,0.85
39,santa cruz,BO,2021-12-26 20:39:01,-17.8,-63.1667,95.05,41,20,14.97
40,camacha,PT,2021-12-26 20:39:02,33.0833,-16.3333,65.53,88,20,8.05
41,avarua,CK,2021-12-26 20:39:02,-21.2078,-159.775,80.65,61,20,8.05
42,porbandar,IN,2021-12-26 20:39:03,21.6422,69.6093,71.42,79,100,7.9
43,merrill,US,2021-12-26 20:39:03,45.1805,-89.6835,30.97,59,1,5.75
44,carnarvon,AU,2021-12-26 20:39:03,-24.8667,113.6333,75.27,94,98,8.05
45,ngunguru,NZ,2021-12-26 20:39:04,-35.6167,174.5,72.16,82,100,3.94
46,avera,US,2021-12-26 20:40:04,33.194,-82.5271,78.67,68,20,8.99
47,norman wells,CA,2021-12-26 20:40:05,65.282,-126.8329,-20.16,69,20,14.97
48,vaini,TO,2021-12-26 20:40:05,-21.2,-175.2,82.56,83,75,5.75
49,alofi,NU,2021-12-26 20:40:05,-19.0595,-169.9187,84.09,65,75,6.91
50,shingu,JP,2021-12-26 20:40:06,33.7333,135.9833,36.91,67,7,11.27
51,vestmannaeyjar,IS,2021-12-26 20:40:06,63.4427,-20.2734,35.94,72,100,11.7
52,bafoulabe,ML,2021-12-26 20:40:07,13.8065,-10.8321,84.33,15,100,5.7
53,acapulco,MX,2021-12-26 20:40:07,16.8634,-99.8901,82.22,74,75,4.61
54,slave lake,CA,2021-12-26 20:40:08,55.2834,-114.769,-18.42,69,90,9.22
55,chapais,CA,2021-12-26 20:40:08,49.7834,-74.8492,10.18,92,100,8.95
56,constitucion,CL,2021-12-26 20:40:08,-35.3333,-72.4167,68.65,61,100,10.18
57,kodiak,US,2021-12-26 20:40:09,57.79,-152.4072,36.91,93,1,6.91
58,barrow,US,2021-12-26 20:40:09,71.2906,-156.7887,-3.98,77,90,20.71
59,tecoanapa,MX,2021-12-26 20:40:10,16.5167,-98.75,82.72,62,1,8.93
60,shache,CN,2021-12-26 20:40:10,38.4167,77.2406,21.88,62,86,1.92
61,ishigaki,JP,2021-12-26 20:40:11,24.3448,124.1572,63.25,73,99,26.17
62,mulege,MX,2021-12-26 20:40:11,26.8833,-111.9833,72.57,46,18,10.2
63,pisco,PE,2021-12-26 20:40:11,-13.7,-76.2167,73.45,73,0,11.5
64,rawson,AR,2021-12-26 20:37:04,-43.3002,-65.1023,81.91,29,0,23.26
65,khatanga,RU,2021-12-26 20:40:12,71.9667,102.5,-34.01,100,89,3.71
66,ostrovnoy,RU,2021-12-26 20:40:13,68.0531,39.5131,15.15,90,100,8.7
67,bilibino,RU,2021-12-26 20:40:13,68.0546,166.4372,-36.83,100,99,2.57
68,iskateley,RU,2021-12-26 20:40:13,67.6803,53.1512,6.69,93,96,12.71
69,bengkulu,ID,2021-12-26 20:37:02,-3.8004,102.2655,74.73,91,94,5.1
70,arraial do cabo,BR,2021-12-26 20:40:14,-22.9661,-42.0278,80.56,73,0,18.41
71,nishihara,JP,2021-12-26 20:40:14,26.1842,127.7558,56.86,67,90,21.85
72,puerto ayora,EC,2021-12-26 20:38:05,-0.7393,-90.3518,78.76,86,97,9.82
73,sharjah,AE,2021-12-26 20:39:55,25.3573,55.4033,73.69,56,0,3.44
74,katherine,AU,2021-12-26 20:40:15,-14.4667,132.2667,73.72,94,90,12.66
75,mayo,US,2021-12-26 20:40:16,38.8876,-76.5119,61.86,45,15,4.0
76,ponta do sol,PT,2021-12-26 20:40:16,32.6667,-17.1,69.01,89,88,4.0
77,cape town,ZA,2021-12-26 20:39:13,-33.9258,18.4232,67.12,85,40,10.36
78,fortuna,US,2021-12-26 20:40:17,40.5982,-124.1573,44.65,95,75,3.0
79,ilhabela,BR,2021-12-26 20:40:17,-23.7781,-45.3581,75.52,79,1,7.18
80,ribeira grande,PT,2021-12-26 20:40:18,38.5167,-28.7,64.8,82,75,27.63
81,shimoda,JP,2021-12-26 20:40:18,34.6667,138.95,31.1,60,0,17.16
82,tiksi,RU,2021-12-26 20:40:19,71.6872,128.8694,-7.85,96,100,4.74
83,goderich,CA,2021-12-26 20:40:19,43.7501,-81.7165,35.91,69,54,10.36
84,zitlala,MX,2021-12-26 20:40:20,17.6333,-99.0833,74.66,38,7,1.86
85,mataura,NZ,2021-12-26 20:40:20,-46.1927,168.8643,57.47,96,100,1.19
86,yaan,NG,2021-12-26 20:40:20,7.3833,8.5667,84.2,19,26,2.06
87,chernyshevskiy,RU,2021-12-26 20:40:21,63.0128,112.4714,-17.72,97,100,1.41
88,kaitangata,NZ,2021-12-26 20:40:21,-46.2817,169.8464,52.27,94,100,2.93
89,hobart,AU,2021-12-26 20:37:20,-42.8794,147.3294,56.12,70,75,1.01
90,nioro,GM,2021-12-26 20:40:22,13.35,-15.75,87.03,16,100,6.26
91,skibbereen,IE,2021-12-26 20:40:22,51.55,-9.2667,42.6,90,90,6.11
92,nelidovo,RU,2021-12-26 20:41:23,56.2211,32.7774,7.9,92,100,9.6
93,dickinson,US,2021-12-26 20:41:23,29.4608,-95.0513,83.1,72,75,5.99
94,san ramon,US,2021-12-26 20:40:42,37.7799,-121.978,50.95,86,90,3.0
95,chake chake,TZ,2021-12-26 20:41:24,-5.2459,39.7666,78.57,81,95,6.33
96,saint-philippe,RE,2021-12-26 20:41:24,-21.3585,55.7679,78.35,86,54,11.14
97,jasper,US,2021-12-26 20:41:25,37.2001,-94.3502,75.24,56,75,4.0
98,ahipara,NZ,2021-12-26 20:41:25,-35.1667,173.1667,71.22,70,100,4.99
99,new norfolk,AU,2021-12-26 20:41:26,-42.7826,147.0587,55.76,59,23,2.73
100,udachnyy,RU,2021-12-26 20:41:26,66.4167,112.4,-19.55,75,100,4.05
101,iralaya,HN,2021-12-26 20:41:27,15.0,-83.2333,84.29,79,7,6.87
102,hermanus,ZA,2021-12-26 20:41:27,-34.4187,19.2345,68.81,90,2,7.87
103,longyearbyen,SJ,2021-12-26 20:41:27,78.2186,15.6401,22.84,54,0,9.22
104,santo antonio do ica,BR,2021-12-26 20:41:28,-3.1022,-67.9397,88.11,62,31,1.57
105,cabo san lucas,MX,2021-12-26 20:38:26,22.8909,-109.9124,82.62,65,20,4.0
106,gympie,AU,2021-12-26 20:41:28,-26.1898,152.665,70.3,89,100,4.52
107,gloucester,GB,2021-12-26 20:37:09,51.8657,-2.2431,47.79,93,6,4.83
108,ginda,IN,2021-12-26 20:41:29,30.6945,78.4932,35.06,52,33,5.44
109,yellowknife,CA,2021-12-26 20:41:29,62.456,-114.3525,-5.58,90,20,6.91
110,sao jose da coroa grande,BR,2021-12-26 20:41:30,-8.8978,-35.1478,77.38,83,100,4.97
111,east london,ZA,2021-12-26 20:41:30,-33.0153,27.9116,73.6,62,100,8.72
112,saldanha,ZA,2021-12-26 20:41:31,-33.0117,17.9442,64.45,87,0,5.55
113,vannes,FR,2021-12-26 20:41:31,47.8333,-2.5,52.09,98,100,6.38
114,port hawkesbury,CA,2021-12-26 20:41:32,45.6169,-61.3485,35.69,96,90,8.99
115,lompoc,US,2021-12-26 20:41:32,34.6391,-120.4579,59.56,52,1,12.66
116,calvinia,ZA,2021-12-26 20:41:33,-31.4707,19.776,66.69,62,0,5.37
117,thompson,CA,2021-12-26 20:41:33,55.7435,-97.8558,-21.84,76,40,3.44
118,geraldton,AU,2021-12-26 20:41:33,-28.7667,114.6,70.21,88,100,1.14
119,tigil,RU,2021-12-26 20:41:34,57.8,158.6667,4.51,93,100,7.05
120,manicore,BR,2021-12-26 20:41:34,-5.8092,-61.3003,80.35,91,100,1.32
121,esil,KZ,2021-12-26 20:41:35,51.9556,66.4042,-1.14,96,86,9.69
122,bjornevatn,NO,2021-12-26 20:41:35,69.6672,29.9847,17.94,100,40,5.75
123,mercedes,AR,2021-12-26 20:41:36,-34.6515,-59.4307,97.86,10,6,9.73
124,yuzhno-sukhokumsk,RU,2021-12-26 20:41:36,44.6581,45.6436,35.22,79,85,6.26
125,codrington,AU,2021-12-26 20:41:37,-38.2667,141.9667,56.34,62,100,16.08
126,abu kamal,SY,2021-12-26 20:41:37,34.4506,40.9171,44.24,44,0,1.77
127,sonkovo,RU,2021-12-26 20:41:37,57.7782,37.1571,5.68,93,98,13.71
128,sao joao do piaui,BR,2021-12-26 20:41:38,-8.3581,-42.2467,72.23,95,100,2.26
129,dudinka,RU,2021-12-26 20:41:38,69.4058,86.1778,-5.64,94,87,14.43
130,sobolevo,RU,2021-12-26 20:41:39,54.4299,31.8996,7.36,92,6,8.66
131,lavrentiya,RU,2021-12-26 20:41:39,65.5833,-171.0,-0.2,83,100,7.81
132,romanovskaya,RU,2021-12-26 20:41:39,47.5426,42.0285,31.78,99,100,4.47
133,dikson,RU,2021-12-26 20:41:40,73.5069,80.5464,-5.48,89,94,18.7
134,leh,IN,2021-12-26 20:41:40,34.1667,77.5833,5.0,90,88,1.36
135,makokou,GA,2021-12-26 20:41:41,0.5738,12.8642,71.8,89,100,2.46
136,kuytun,RU,2021-12-26 20:41:41,54.3419,101.5036,-13.86,95,24,3.33
137,sorland,NO,2021-12-26 20:41:42,67.667,12.6934,17.67,73,100,12.17
138,san quintin,MX,2021-12-26 20:42:42,30.4833,-115.95,61.63,66,85,12.5
139,kazanlak,BG,2021-12-26 20:42:42,42.6167,25.4,45.03,89,90,0.87
140,hami,CN,2021-12-26 20:42:43,42.8,93.45,20.43,26,2,3.76
141,abonnema,NG,2021-12-26 20:42:43,4.7084,6.7931,81.12,79,16,7.72
142,mitsamiouli,KM,2021-12-26 20:42:44,-11.3847,43.2844,81.7,72,2,7.4
143,nikolskoye,RU,2021-12-26 20:42:44,59.7035,30.7861,12.09,92,96,8.59
144,hithadhoo,MV,2021-12-26 20:42:44,-0.6,73.0833,81.57,66,5,12.95
145,lazaro cardenas,MX,2021-12-26 20:42:45,17.9583,-102.2,81.86,62,1,8.34
146,tahe,CN,2021-12-26 20:42:45,52.3333,124.7333,-16.44,90,4,4.43
147,haines junction,CA,2021-12-26 20:42:46,60.7522,-137.5108,-0.45,78,100,1.14
148,ekhabi,RU,2021-12-26 20:42:46,53.5102,142.9671,-0.78,92,100,24.23
149,georgetown,MY,2021-12-26 20:38:12,5.4112,100.3354,80.53,85,20,0.0
150,isangel,VU,2021-12-26 20:42:47,-19.55,169.2667,82.06,74,13,2.21
151,cockburn town,TC,2021-12-26 20:42:47,21.4612,-71.1419,78.76,65,40,11.5
152,mmathubudukwane,BW,2021-12-26 20:42:48,-24.6,26.4333,67.06,69,100,9.44
153,sabha,LY,2021-12-26 20:42:48,27.0377,14.4283,55.96,37,100,7.36
154,montenegro,ME,2021-12-26 20:42:48,42.5,19.3,53.08,94,90,11.5
155,bulungu,CD,2021-12-26 20:42:49,-4.55,18.6,70.12,95,95,3.33
156,atasu,KZ,2021-12-26 20:42:49,48.6814,71.6433,3.43,99,88,3.71
157,rudbar,AF,2021-12-26 20:42:50,30.15,62.6,48.74,32,33,5.95
158,dunn,US,2021-12-26 20:42:50,44.95,-91.8835,31.98,66,100,12.66
159,klaksvik,FO,2021-12-26 20:42:50,62.2266,-6.589,38.32,79,100,25.72
160,verkhnyaya inta,RU,2021-12-26 20:42:51,65.9811,60.3094,1.27,80,98,8.97
161,talnakh,RU,2021-12-26 20:42:51,69.4865,88.3972,-6.75,97,98,8.61
162,merauke,ID,2021-12-26 20:42:52,-8.4667,140.3333,77.47,90,83,7.43
163,rio claro,BR,2021-12-26 20:42:53,-22.4114,-47.5614,84.02,45,84,3.44
164,adeje,ES,2021-12-26 20:42:53,28.1227,-16.726,67.98,85,75,4.61
165,victoria,HK,2021-12-26 20:42:53,22.2855,114.1577,54.25,85,100,5.99
166,walvis bay,NA,2021-12-26 20:42:54,-22.9575,14.5053,65.35,72,0,11.5
167,sorong,ID,2021-12-26 20:42:54,-0.8833,131.25,81.34,78,100,8.55
168,linden,GY,2021-12-26 20:42:55,6.0,-58.3,82.54,94,55,4.23
169,chitral,PK,2021-12-26 20:42:55,35.8462,71.7858,35.24,89,100,4.12
170,adre,TD,2021-12-26 20:42:55,13.4667,22.2,69.78,21,71,13.29
171,vigrestad,NO,2021-12-26 20:42:56,58.5667,5.7,30.99,65,15,10.54
172,umm lajj,SA,2021-12-26 20:42:56,25.0213,37.2685,68.72,50,35,10.0
173,visnes,NO,2021-12-26 20:42:57,59.3556,5.2242,31.21,86,0,9.22
174,poyarkovo,RU,2021-12-26 20:42:57,49.6,128.6833,-17.05,98,98,5.39
175,naze,JP,2021-12-26 20:42:57,28.3667,129.4833,51.06,70,96,15.66
176,port lincoln,AU,2021-12-26 20:42:58,-34.7333,135.8667,60.13,71,96,20.29
177,ullapool,GB,2021-12-26 20:42:58,57.8987,-5.1604,35.94,91,96,8.79
178,lorengau,PG,2021-12-26 20:42:59,-2.0226,147.2712,80.94,82,99,8.41
179,troyes,FR,2021-12-26 20:42:59,48.3333,4.0833,48.54,93,75,8.05
180,phan thiet,VN,2021-12-26 20:42:59,10.9333,108.1,72.75,87,12,3.83
181,riyadh,SA,2021-12-26 20:39:39,24.6877,46.7219,48.34,60,6,3.91
182,scarborough,GB,2021-12-26 20:43:00,54.2797,-0.4044,42.53,94,100,1.99
183,port augusta,AU,2021-12-26 20:43:01,-32.5,137.7667,60.94,43,14,10.96
184,batticaloa,LK,2021-12-26 20:43:01,7.7102,81.6924,77.05,68,1,5.73
185,putyatino,RU,2021-12-26 20:44:01,54.16,41.1169,13.89,78,73,16.08
186,hilo,US,2021-12-26 20:44:02,19.7297,-155.09,78.53,47,1,0.0
187,castro,BR,2021-12-26 20:44:02,-24.7911,-50.0119,75.69,51,50,5.37
188,maraba,BR,2021-12-26 20:44:03,-5.3686,-49.1178,78.98,100,75,2.3
189,lichuan,CN,2021-12-26 20:44:03,30.3,108.85,21.83,93,60,2.48
190,luancheng,CN,2021-12-26 20:44:04,37.8792,114.6517,24.96,75,2,3.2
191,chuzhou,CN,2021-12-26 20:44:04,32.3219,118.2978,22.14,23,62,2.68
192,faya,SA,2021-12-26 20:44:04,18.3851,42.4509,54.12,54,10,2.59
193,tuatapere,NZ,2021-12-26 20:44:05,-46.1333,167.6833,57.81,73,76,7.0
194,yarkovo,RU,2021-12-26 20:44:05,57.4028,67.0786,5.16,82,100,12.66
195,smithers,CA,2021-12-26 20:43:02,54.7804,-127.1743,-1.26,66,2,0.6
196,iqaluit,CA,2021-12-26 20:44:06,63.7506,-68.5145,1.13,85,40,2.3
197,kyrksaeterora,NO,2021-12-26 20:44:06,63.2906,9.0891,36.25,97,99,5.35
198,zhenlai,CN,2021-12-26 20:44:07,45.8495,123.2973,-8.21,88,13,6.89
199,mount isa,AU,2021-12-26 20:44:07,-20.7333,139.5,76.77,57,100,5.75
200,sao felix do xingu,BR,2021-12-26 20:44:08,-6.6447,-51.995,76.06,96,95,2.71
201,verkhnevilyuysk,RU,2021-12-26 20:44:08,63.4453,120.3167,-18.31,98,100,5.12
202,chuy,UY,2021-12-26 20:44:08,-33.6971,-53.4616,73.53,51,0,9.69
203,baruun-urt,MN,2021-12-26 20:44:09,46.6806,113.2792,-1.19,86,3,5.88
204,nanakuli,US,2021-12-26 20:44:09,21.3906,-158.1547,78.75,62,1,5.75
205,bathsheba,BB,2021-12-26 20:44:10,13.2167,-59.5167,83.01,61,0,12.66
206,pocone,BR,2021-12-26 20:44:11,-16.2567,-56.6228,76.35,89,67,4.5
207,shar,KZ,2021-12-26 20:44:11,49.5886,81.0453,19.29,72,100,10.25
208,katangli,RU,2021-12-26 20:44:11,51.7102,143.2326,2.25,83,100,25.75
209,hue,VN,2021-12-26 20:44:12,16.4667,107.6,68.11,100,75,5.75
210,poum,NC,2021-12-26 20:44:12,-20.2333,164.0167,81.25,77,83,11.97
211,port blair,IN,2021-12-26 20:44:13,11.6667,92.75,77.65,76,13,9.01
212,vardo,NO,2021-12-26 20:44:13,70.3705,31.1107,26.58,80,75,18.41
213,kabare,CD,2021-12-26 20:44:14,-2.4683,28.8242,61.12,97,92,1.99
214,dingle,PH,2021-12-26 20:44:14,10.9995,122.6711,75.43,92,96,10.51
215,suntar,RU,2021-12-26 20:44:14,62.1444,117.6319,-23.82,97,99,3.18
216,rocha,UY,2021-12-26 20:44:15,-34.4833,-54.3333,78.22,36,0,6.6
217,saskylakh,RU,2021-12-26 20:44:15,71.9167,114.0833,-22.5,97,91,4.9
218,tura,IN,2021-12-26 20:44:16,25.5198,90.2201,56.57,55,8,4.41
219,katsuura,JP,2021-12-26 20:44:16,35.1333,140.3,33.91,46,22,7.34
220,eydhafushi,MV,2021-12-26 20:44:17,5.1033,73.0708,81.16,69,1,16.24
221,cherskiy,RU,2021-12-26 20:44:17,68.75,161.3,-23.4,98,100,9.98
222,tautira,PF,2021-12-26 20:44:17,-17.7333,-149.15,84.22,73,56,9.93
223,kidal,ML,2021-12-26 20:44:18,18.4411,1.4078,68.61,15,0,10.54
224,kourou,GF,2021-12-26 20:44:19,5.1552,-52.6478,80.11,89,94,8.84
225,sangar,RU,2021-12-26 20:44:19,63.9242,127.4739,-54.67,99,69,2.42
226,provideniya,RU,2021-12-26 20:44:19,64.3833,-173.3,2.1,90,98,4.0
227,anchorage,US,2021-12-26 20:43:31,61.2181,-149.9003,29.91,90,90,0.0
228,pinheiro machado,BR,2021-12-26 20:44:20,-31.5783,-53.3811,78.64,35,0,12.08
229,adrar,MR,2021-12-26 20:45:20,20.5022,-10.0711,68.99,21,2,8.61
230,mason city,US,2021-12-26 20:42:48,43.1536,-93.201,35.73,68,90,11.5
231,bambous virieux,MU,2021-12-26 20:45:21,-20.3428,57.7575,77.25,94,75,0.0
232,dwarka,IN,2021-12-26 20:45:21,22.2394,68.9678,72.45,80,100,8.3
233,pevek,RU,2021-12-26 20:45:22,69.7008,170.3133,-16.28,98,100,2.62
234,san patricio,US,2021-12-26 20:45:23,28.017,-97.5169,88.21,51,0,17.22
235,port moresby,PG,2021-12-26 20:45:23,-9.4431,147.1797,72.82,100,40,8.05
236,colares,PT,2021-12-26 20:45:23,38.7992,-9.4469,61.99,83,100,8.01
237,promyshlennaya,RU,2021-12-26 20:45:24,54.9159,85.6385,13.15,98,95,3.15
238,coihaique,CL,2021-12-26 20:45:24,-45.5752,-72.0662,73.35,40,40,10.36
239,upernavik,GL,2021-12-26 20:45:25,72.7868,-56.1549,-4.94,99,99,13.78
240,mayor pablo lagerenza,PY,2021-12-26 20:45:25,-19.9309,-60.7718,98.38,16,62,7.76
241,sao gabriel da cachoeira,BR,2021-12-26 20:45:26,-0.1303,-67.0892,84.0,84,75,6.91
242,zhangye,CN,2021-12-26 20:45:26,38.9342,100.4517,7.05,75,0,1.07
243,bolgatanga,GH,2021-12-26 20:45:27,10.7856,-0.8514,81.66,16,74,6.38
244,tasiilaq,GL,2021-12-26 20:45:27,65.6145,-37.6368,15.96,56,0,5.06
245,gaoyou,CN,2021-12-26 20:45:28,32.7858,119.4278,23.94,33,35,6.4
246,ariquemes,BR,2021-12-26 20:45:28,-9.9133,-63.0408,79.21,92,100,0.83
247,lata,PT,2021-12-26 20:45:28,40.1629,-8.3327,60.93,92,99,9.64
248,seoul,KR,2021-12-26 20:45:29,37.5683,126.9778,13.44,78,0,2.3
249,meulaboh,ID,2021-12-26 20:45:29,4.1363,96.1285,76.23,85,52,2.93
250,inhambane,MZ,2021-12-26 20:45:30,-23.865,35.3833,78.13,84,71,13.71
251,saint-augustin,CA,2021-12-26 20:45:30,51.226,-58.6502,28.35,79,26,13.71
252,sokolo,ML,2021-12-26 20:45:31,14.7328,-6.1219,79.43,14,100,9.44
253,saint george,US,2021-12-26 20:41:01,37.1041,-113.5841,51.44,38,40,1.01
254,lebu,CL,2021-12-26 20:45:31,-37.6167,-73.65,62.96,72,4,19.48
255,catio,GW,2021-12-26 20:45:32,11.2833,-15.25,79.23,73,100,5.59
256,la orilla,MX,2021-12-26 20:45:32,17.9833,-102.2333,81.84,62,1,8.66
257,rundu,NA,2021-12-26 20:45:33,-17.9333,19.7667,72.95,61,17,6.98
258,lakes entrance,AU,2021-12-26 20:45:33,-37.8811,147.981,56.57,74,9,6.6
259,coruche,PT,2021-12-26 20:45:34,38.9595,-8.5252,63.45,91,100,9.84
260,portland,US,2021-12-26 20:41:28,45.5234,-122.6762,37.53,88,75,3.0
261,maunabo,PR,2021-12-26 20:45:03,18.0072,-65.8993,83.52,76,7,7.87
262,vostok,RU,2021-12-26 20:45:35,46.4856,135.8833,-23.57,99,100,3.96
263,helsinge,DK,2021-12-26 20:45:35,56.0228,12.1975,31.69,95,7,1.99
264,obukhiv,UA,2021-12-26 20:45:36,50.11,30.6227,22.59,90,5,6.53
265,pemangkat,ID,2021-12-26 20:45:36,1.1667,108.9667,77.97,87,100,5.66
266,bintulu,MY,2021-12-26 20:45:37,3.1667,113.0333,75.61,94,40,0.0
267,coria,ES,2021-12-26 20:45:38,39.9879,-6.5377,58.44,94,100,12.66
268,kavieng,PG,2021-12-26 20:45:38,-2.5744,150.7967,82.0,80,99,11.77
269,sibu,MY,2021-12-26 20:45:39,2.3,111.8167,77.31,94,40,0.0
270,sobradinho,BR,2021-12-26 20:45:39,-12.8333,-39.1,73.56,92,100,1.95
271,zhangjiakou,CN,2021-12-26 20:45:40,40.81,114.8794,12.92,40,0,4.92
272,kapit,MY,2021-12-26 20:45:40,2.0167,112.9333,72.86,100,99,1.01
273,margate,GB,2021-12-26 20:45:41,51.3813,1.3862,47.95,97,99,7.23
274,harur,IN,2021-12-26 20:45:41,12.0667,78.5,63.54,94,0,1.9
275,sechura,PE,2021-12-26 20:45:42,-5.5569,-80.8222,75.81,63,98,15.05
276,vabalninkas,LT,2021-12-26 20:45:42,55.9667,24.75,16.23,93,50,7.25
277,kaeo,NZ,2021-12-26 20:45:43,-35.1,173.7833,72.32,90,100,3.02
278,zhuanghe,CN,2021-12-26 20:46:43,39.7008,122.9911,17.13,51,0,4.36
279,chiredzi,ZW,2021-12-26 20:46:44,-21.05,31.6667,74.19,81,61,3.4
280,oranjemund,NA,2021-12-26 20:46:44,-28.55,16.4333,64.33,82,0,8.48
281,mandalgovi,MN,2021-12-26 20:46:45,45.7625,106.2708,9.05,32,4,14.74
282,auki,SB,2021-12-26 20:46:45,-8.7676,160.7034,80.44,85,100,4.52
283,ust-ordynskiy,RU,2021-12-26 20:46:46,52.805,104.7508,3.04,99,92,0.81
284,cubuk,TR,2021-12-26 20:46:46,40.2386,33.0322,33.55,93,75,0.0
285,maniitsoq,GL,2021-12-26 20:46:47,65.4167,-52.9,25.97,56,8,4.36
286,opuwo,NA,2021-12-26 20:46:47,-18.0607,13.84,69.35,28,33,10.38
287,madaoua,NE,2021-12-26 20:46:48,14.073,5.96,70.47,17,100,9.46
288,esperance,AU,2021-12-26 20:46:48,-33.8667,121.9,55.24,82,2,11.97
289,bendigo,AU,2021-12-26 20:46:49,-36.7667,144.2833,57.85,49,0,3.0
290,grindavik,IS,2021-12-26 20:46:49,63.8424,-22.4338,33.91,100,75,10.36
291,andenes,NO,2021-12-26 20:46:50,69.3143,16.1194,26.58,86,90,5.75
292,kuah,MY,2021-12-26 20:46:50,6.3265,99.8432,80.58,78,20,5.75
293,kjollefjord,NO,2021-12-26 20:46:51,70.9457,27.3465,26.38,80,75,5.75
294,nongstoin,IN,2021-12-26 20:46:51,25.5167,91.2667,44.91,65,14,3.33
295,cootamundra,AU,2021-12-26 20:46:51,-34.65,148.0333,64.94,68,0,18.52
296,ilulissat,GL,2021-12-26 20:46:52,69.2167,-51.1,24.82,50,11,2.3
297,lahaina,US,2021-12-26 20:42:44,20.8783,-156.6825,78.55,67,65,8.97
298,pinega,RU,2021-12-26 20:46:53,64.7001,43.3936,-10.46,100,96,1.63
299,kermanshah,IR,2021-12-26 20:46:53,34.3142,47.065,29.3,74,0,0.0
300,luau,AO,2021-12-26 20:46:53,-10.7073,22.2247,65.44,93,100,2.95
301,beloha,MG,2021-12-26 20:46:54,-25.1667,45.05,69.91,80,85,13.8
302,airai,TL,2021-12-26 20:46:54,-8.9266,125.4092,59.83,96,96,3.69
303,bergerac,FR,2021-12-26 20:46:55,44.8333,0.5,51.78,93,0,4.61
304,rovaniemi,FI,2021-12-26 20:46:55,66.5,25.7167,9.81,85,54,12.66
305,clyde river,CA,2021-12-26 20:46:55,70.4692,-68.5914,-5.57,71,95,16.11
306,mikhaylovka,RU,2021-12-26 20:46:56,50.06,43.2379,12.78,98,100,5.26
307,bilma,NE,2021-12-26 20:46:56,18.6853,12.9164,65.39,20,71,6.73
308,sola,VU,2021-12-26 20:46:57,-13.8833,167.55,81.81,71,82,2.98
309,mahebourg,MU,2021-12-26 20:46:58,-20.4081,57.7,77.29,94,75,0.0
310,zhicheng,CN,2021-12-26 20:46:58,30.2956,111.5047,25.99,86,31,2.77
311,dundalk,US,2021-12-26 20:46:59,39.2507,-76.5205,61.14,43,1,3.0
312,iroquois falls,CA,2021-12-26 20:46:59,48.7669,-80.6831,5.14,87,67,5.14
313,turukhansk,RU,2021-12-26 20:47:00,65.8167,87.9833,-19.16,99,57,5.73
314,cartagena,CO,2021-12-26 20:47:00,10.3997,-75.5144,89.22,62,20,17.27
315,mmabatho,ZA,2021-12-26 20:47:01,-25.85,25.6333,60.76,94,100,0.0
316,oranjestad,AW,2021-12-26 20:47:01,12.524,-70.027,84.15,74,40,4.0
317,oga,IT,2021-12-26 20:47:01,46.4631,10.347,29.08,94,84,1.61
318,narsaq,GL,2021-12-26 20:47:02,60.9167,-46.05,37.62,63,38,8.52
319,bubaque,GW,2021-12-26 20:47:03,11.2833,-15.8333,79.93,70,100,11.34
320,champerico,GT,2021-12-26 20:47:03,14.3,-91.9167,91.29,63,0,10.33
321,boundiali,CI,2021-12-26 20:47:03,9.5217,-6.4869,81.25,19,100,3.42
322,nanortalik,GL,2021-12-26 20:47:04,60.1432,-45.2371,27.66,67,85,7.54
323,gat,IL,2021-12-26 20:47:04,31.61,34.7642,57.4,59,1,0.83
324,tessalit,ML,2021-12-26 20:47:05,20.1986,1.0114,67.3,16,0,9.55
325,chimoio,MZ,2021-12-26 20:47:05,-19.1164,33.4833,71.46,100,40,2.68
326,barcelona,ES,2021-12-26 20:43:16,41.3888,2.159,57.79,75,20,1.99
327,lalin,ES,2021-12-26 20:48:06,42.7167,-8.1167,59.2,96,100,10.74
328,katiola,CI,2021-12-26 20:48:06,8.1333,-5.1,84.83,23,16,3.11
329,derzhavinsk,KZ,2021-12-26 20:48:07,51.1,66.3167,-2.61,98,72,7.52
330,pandan,PH,2021-12-26 20:48:07,14.0453,124.1694,76.86,87,100,22.46
331,chokurdakh,RU,2021-12-26 20:48:08,70.6333,147.9167,-24.75,100,97,5.14
332,namibe,AO,2021-12-26 20:48:08,-15.1961,12.1522,68.41,78,56,8.72
333,sarkand,KZ,2021-12-26 20:48:09,45.41,79.9186,28.06,74,100,5.55
334,abha,SA,2021-12-26 20:48:09,18.2164,42.5053,53.85,71,0,0.0
335,peace river,CA,2021-12-26 20:48:10,56.2501,-117.286,-21.69,76,40,4.61
336,half moon bay,US,2021-12-26 20:48:10,37.4636,-122.4286,52.86,77,40,6.91
337,maarianhamina,AX,2021-12-26 20:48:10,60.0973,19.9348,21.06,86,90,1.14
338,filadelfia,US,2021-12-26 20:45:10,39.9523,-75.1638,54.55,51,1,4.0
339,los llanos de aridane,ES,2021-12-26 20:48:11,28.6585,-17.9182,62.35,91,40,4.61
340,preobrazheniye,RU,2021-12-26 20:48:12,42.9019,133.9064,-0.36,73,12,9.64
341,port-cartier,CA,2021-12-26 20:48:12,50.0334,-66.8654,35.71,89,86,5.44
342,nuuk,GL,2021-12-26 20:48:12,64.1835,-51.7216,30.81,64,1,4.61
343,komsomolets,KZ,2021-12-26 20:48:13,53.7453,62.0708,9.27,87,100,20.33
344,puerto escondido,MX,2021-12-26 20:48:09,15.85,-97.0667,82.24,69,5,6.53
345,aripuana,BR,2021-12-26 20:48:14,-9.1667,-60.6333,78.33,94,100,2.64
346,thinadhoo,MV,2021-12-26 20:48:14,0.5333,72.9333,80.94,69,8,13.82
347,torbay,CA,2021-12-26 20:48:15,47.6666,-52.7314,32.68,87,90,2.3
348,kahului,US,2021-12-26 20:47:21,20.8947,-156.47,78.96,63,20,0.0
349,verkh-usugli,RU,2021-12-26 20:48:15,52.7,115.1667,-6.86,96,100,1.16
350,bandarbeyla,SO,2021-12-26 20:48:16,9.4942,50.8122,76.35,71,10,13.58
351,padang,ID,2021-12-26 20:48:16,-0.9492,100.3543,76.14,89,66,4.23
352,ambilobe,MG,2021-12-26 20:48:17,-13.2,49.05,76.87,78,22,2.75
353,krasnoborsk,RU,2021-12-26 20:48:17,61.5598,45.934,8.08,95,99,6.06
354,bethanien,NA,2021-12-26 20:48:17,-26.502,17.1583,64.08,45,0,10.6
355,mariental,NA,2021-12-26 20:48:18,-24.6333,17.9667,71.31,22,2,15.21
356,sinnamary,GF,2021-12-26 20:48:18,5.3833,-52.95,77.52,87,89,11.48
357,dafeng,CN,2021-12-26 20:48:19,23.4517,108.5881,40.8,64,98,9.73
358,sioux lookout,CA,2021-12-26 20:48:19,50.1001,-91.917,5.38,60,20,4.61
359,cidreira,BR,2021-12-26 20:48:20,-30.1811,-50.2056,75.25,78,22,9.57
360,hervey bay,AU,2021-12-26 20:48:20,-25.2986,152.8535,75.04,94,100,5.99
361,marsa matruh,EG,2021-12-26 20:48:20,31.3525,27.2453,53.8,82,20,4.61
362,chirongui,YT,2021-12-26 20:48:21,-12.9319,45.1483,80.53,72,40,0.81
363,aklavik,CA,2021-12-26 20:48:21,68.2191,-135.0107,-3.17,95,100,20.6
364,tromso,NO,2021-12-26 20:48:22,69.6496,18.957,21.22,86,40,5.75
365,ciudad valles,MX,2021-12-26 20:46:06,21.9833,-99.0167,82.94,48,0,5.84
366,jerecuaro,MX,2021-12-26 20:48:23,20.15,-100.5167,82.13,10,0,3.69
367,hofn,IS,2021-12-26 20:48:23,64.2539,-15.2082,29.61,73,100,15.7
368,tumpat,MY,2021-12-26 20:48:23,6.1978,102.171,75.18,94,20,0.0
369,maracacume,BR,2021-12-26 20:48:24,-2.0428,-45.9592,76.77,87,69,5.01
370,grand-santi,GF,2021-12-26 20:48:24,4.25,-54.3833,76.26,91,96,2.91
371,vila velha,BR,2021-12-26 20:49:25,-20.3297,-40.2925,80.55,78,20,1.01
372,santa maria,BR,2021-12-26 20:49:25,-29.6842,-53.8069,88.9,43,40,6.91
373,simbahan,PH,2021-12-26 20:49:25,6.3032,120.5836,82.58,74,100,7.58
374,mwinilunga,ZM,2021-12-26 20:49:26,-11.7358,24.4293,65.17,88,82,2.06
375,kushiro,JP,2021-12-26 20:49:26,42.975,144.3747,19.15,61,53,8.12
376,komsomolskiy,UZ,2021-12-26 20:49:27,40.4272,71.7189,34.52,86,90,6.91
377,paita,PE,2021-12-26 20:49:27,-5.0892,-81.1144,79.36,73,71,16.11
378,laguna,US,2021-12-26 20:49:28,38.421,-121.4238,50.05,84,75,1.01
379,kandila,GR,2021-12-26 20:49:28,38.7,20.9333,58.17,84,94,9.66
380,pacific grove,US,2021-12-26 20:49:28,36.6177,-121.9166,54.66,68,1,3.0
381,asau,RO,2021-12-26 20:49:34,46.4333,26.4,27.75,99,100,2.17
382,jonesboro,US,2021-12-26 20:47:11,35.8423,-90.7043,58.69,100,90,4.61
383,sao francisco de assis,BR,2021-12-26 20:49:34,-29.5503,-55.1311,95.2,19,1,12.53
384,dakar,SN,2021-12-26 20:49:35,14.6937,-17.4441,77.88,78,85,4.61
385,cayenne,GF,2021-12-26 20:49:35,4.9333,-52.3333,80.1,88,75,3.0
386,moose factory,CA,2021-12-26 20:49:36,51.2585,-80.6094,-0.4,71,1,12.66
387,yar-sale,RU,2021-12-26 20:49:36,66.8333,70.8333,4.14,81,81,18.86
388,shitkino,RU,2021-12-26 20:49:37,56.3703,98.3543,-9.49,98,100,1.57
389,te anau,NZ,2021-12-26 20:49:37,-45.4167,167.7167,55.42,80,100,2.39
390,husavik,IS,2021-12-26 20:49:37,66.0449,-17.3389,24.71,84,100,2.1
391,lagoa,PT,2021-12-26 20:49:38,39.05,-27.9833,62.42,79,82,32.59
392,pekan,MY,2021-12-26 20:49:38,3.4836,103.3996,75.31,90,78,8.68
393,rio gallegos,AR,2021-12-26 20:49:39,-51.6226,-69.2181,73.45,28,40,19.57
394,leningradskiy,RU,2021-12-26 20:49:39,69.3833,178.4167,-13.47,96,100,8.93
395,saint-joseph,RE,2021-12-26 20:49:40,-21.3667,55.6167,77.36,85,31,10.51
396,nurota,UZ,2021-12-26 20:49:40,40.5614,65.6886,26.69,90,51,3.85
397,bwanga,TZ,2021-12-26 20:49:40,-3.0308,31.7601,64.83,96,100,4.88
398,puerto baquerizo moreno,EC,2021-12-26 20:49:41,-0.9,-89.6,76.19,78,40,13.8
399,neiafu,TO,2021-12-26 20:49:41,-18.65,-173.9833,77.68,83,75,6.91
400,luganville,VU,2021-12-26 20:49:42,-15.5333,167.1667,82.67,77,32,2.42
401,palasa,IN,2021-12-26 20:49:42,18.7667,84.4167,68.79,89,0,2.26
402,hamilton,US,2021-12-26 20:49:43,39.1834,-84.5333,55.65,55,1,1.01
403,nome,US,2021-12-26 20:49:43,64.5011,-165.4064,29.1,93,90,10.36
404,prado,BR,2021-12-26 20:46:16,-17.3411,-39.2208,74.55,90,40,3.91
405,zyryanka,RU,2021-12-26 20:49:44,65.75,150.85,-28.88,99,100,5.57
406,atar,MR,2021-12-26 20:49:44,20.5169,-13.0499,71.35,21,3,6.96
407,bonavista,CA,2021-12-26 20:49:45,48.6499,-53.1147,32.11,82,88,6.04
408,santiago del estero,AR,2021-12-26 20:48:26,-27.7951,-64.2615,97.81,18,5,6.24
409,deputatskiy,RU,2021-12-26 20:49:46,69.3,139.9,-24.99,96,100,5.93
410,chakan,IN,2021-12-26 20:49:46,18.75,73.85,65.95,49,5,3.24
411,kigoma,TZ,2021-12-26 20:49:47,-4.8769,29.6267,72.19,94,20,0.0
412,kalmunai,LK,2021-12-26 20:49:47,7.4167,81.8167,75.34,72,3,3.56
413,sarakhs,IR,2021-12-26 20:49:48,36.5449,61.1577,39.06,65,95,8.03
414,lovington,US,2021-12-26 20:49:48,32.944,-103.3485,77.85,26,90,11.01
415,khuzhir,RU,2021-12-26 20:49:48,53.1939,107.3397,18.64,80,87,8.93
416,kusa,RU,2021-12-26 20:49:49,55.3383,59.4406,8.06,95,98,3.83
417,launceston,AU,2021-12-26 20:46:17,-41.45,147.1667,54.61,58,5,5.99
418,venice,US,2021-12-26 20:50:49,27.0998,-82.4543,79.27,66,1,10.36
419,taos,US,2021-12-26 20:50:50,36.4072,-105.5731,48.22,42,75,18.99
420,valparaiso,CL,2021-12-26 20:50:50,-33.0393,-71.6273,70.03,72,75,5.75
421,mbaiki,CF,2021-12-26 20:50:51,3.8678,17.9892,76.95,64,100,3.33
422,vydrino,RU,2021-12-26 20:50:51,51.485,104.8461,16.79,80,59,6.89
423,kawhia,NZ,2021-12-26 20:50:52,-38.0651,174.8183,72.14,59,90,3.78
424,aubenas,FR,2021-12-26 20:50:52,44.6201,4.3899,46.47,85,90,3.4
425,richards bay,ZA,2021-12-26 20:50:53,-28.783,32.0377,73.13,84,61,14.12
426,mihijam,IN,2021-12-26 20:50:53,23.8526,86.8788,62.53,61,1,2.8
427,gornyy,RU,2021-12-26 20:50:53,55.1153,83.9059,7.97,96,100,4.59
428,kiama,AU,2021-12-26 20:50:54,-34.6833,150.8667,64.99,87,92,3.0
429,khuzdar,PK,2021-12-26 20:50:54,27.7384,66.6434,52.99,44,77,2.42
430,zimapan,MX,2021-12-26 20:50:55,20.75,-99.35,74.8,17,0,7.7
431,san pedro,PH,2021-12-26 20:50:55,14.35,121.0167,76.23,85,75,3.44
432,sakai,JP,2021-12-26 20:50:56,34.5833,135.4667,39.18,72,23,16.31
433,amberley,US,2021-12-26 20:50:56,39.2048,-84.428,54.95,55,1,1.99
434,melivoia,GR,2021-12-26 20:50:56,39.75,22.8,51.46,82,83,12.48
435,matagami,CA,2021-12-26 20:50:57,49.7502,-77.6328,3.31,72,1,8.05
436,lasa,IT,2021-12-26 20:50:57,46.6166,10.7002,36.48,89,73,0.34
437,cukai,MY,2021-12-26 20:50:58,4.25,103.4167,77.0,93,70,7.14
438,durban,ZA,2021-12-26 20:50:00,-29.8579,31.0292,76.93,85,100,1.99
439,oistins,BB,2021-12-26 20:50:58,13.0667,-59.5333,82.49,61,0,12.66
440,butterworth,MY,2021-12-26 20:49:07,5.3991,100.3638,80.64,86,20,0.0
441,tamandare,BR,2021-12-26 20:50:59,-8.7597,-35.1047,77.07,85,100,4.21
442,ostersund,SE,2021-12-26 20:50:59,63.1792,14.6357,23.45,100,90,3.44
443,victor harbor,AU,2021-12-26 20:51:00,-35.5667,138.6167,57.99,72,14,1.01
444,westport,US,2021-12-26 20:51:00,41.1415,-73.3579,48.81,61,1,1.99
445,oktyabrskiy,RU,2021-12-26 20:51:00,54.4815,53.471,-3.06,100,100,4.34
446,strezhevoy,RU,2021-12-26 20:51:01,60.7333,77.5889,-14.03,96,5,5.75
447,flinders,AU,2021-12-26 20:51:02,-34.5833,150.8552,66.2,83,90,7.0
448,turan,VN,2021-12-26 20:51:02,16.0678,108.2208,71.58,88,75,12.66
449,suluktu,KG,2021-12-26 20:51:03,39.9337,69.57,20.68,98,100,4.09
450,kasongo-lunda,CD,2021-12-26 20:51:03,-6.4667,16.8167,69.78,97,100,1.14
451,beringovskiy,RU,2021-12-26 20:51:03,63.05,179.3167,-15.59,92,23,13.0
452,normandin,CA,2021-12-26 20:51:04,48.8333,-72.5321,21.33,73,100,8.05
453,eseka,CM,2021-12-26 20:51:04,3.65,10.7667,75.27,89,100,1.79
454,dores do indaia,BR,2021-12-26 20:51:05,-19.4633,-45.6017,74.57,72,69,2.39
455,imbituba,BR,2021-12-26 20:46:20,-28.24,-48.6703,76.82,86,80,7.02
456,itoman,JP,2021-12-26 20:51:06,26.1247,127.6694,57.58,62,75,21.85
457,umarizal,BR,2021-12-26 20:51:06,-5.9906,-37.8144,82.2,64,100,8.59
458,gijon,ES,2021-12-26 20:51:07,43.5357,-5.6615,56.66,97,100,1.01
459,tonota,BW,2021-12-26 20:51:07,-21.4833,27.4833,66.15,96,88,1.92
460,zaragoza,ES,2021-12-26 20:51:08,41.6561,-0.8773,53.02,88,90,1.01
461,rafaela,AR,2021-12-26 20:51:08,-31.2503,-61.4867,98.06,8,5,4.0
462,mayumba,GA,2021-12-26 20:52:08,-3.432,10.6554,76.59,89,100,2.39
463,loei,TH,2021-12-26 20:52:09,17.4167,101.5,63.45,93,67,2.89
464,sao filipe,CV,2021-12-26 20:52:09,14.8961,-24.4956,77.67,63,0,11.48
465,kathu,TH,2021-12-26 20:52:10,7.9178,98.3332,83.62,76,17,11.07
466,srednekolymsk,RU,2021-12-26 20:52:10,67.45,153.6833,-24.93,97,100,11.77
467,kajaani,FI,2021-12-26 20:52:11,64.2273,27.7285,3.25,85,90,5.75
468,savannah bight,HN,2021-12-26 20:52:11,16.45,-85.85,82.45,63,4,6.33
469,san ignacio,BZ,2021-12-26 20:52:12,17.1561,-89.0714,82.54,69,75,0.0
470,korhogo,CI,2021-12-26 20:52:12,9.45,-5.6333,79.77,19,92,4.68
471,khanu woralaksaburi,TH,2021-12-26 20:52:13,16.0617,99.8606,75.83,81,0,3.8
472,ancud,CL,2021-12-26 20:52:13,-41.8697,-73.8203,72.93,77,43,9.24
473,solwezi,ZM,2021-12-26 20:52:14,-12.1688,26.3894,63.88,68,97,3.2
474,san luis,AR,2021-12-26 20:52:14,-33.295,-66.3356,92.97,20,54,8.7
475,marawi,PH,2021-12-26 20:52:14,7.9986,124.2928,64.65,96,100,0.74
476,gushikawa,JP,2021-12-26 20:52:15,26.3544,127.8686,56.79,62,90,12.66
477,cururupu,BR,2021-12-26 20:52:15,-1.8283,-44.8683,75.83,92,96,5.73
478,semporna,MY,2021-12-26 20:52:16,4.4818,118.6112,75.4,90,100,9.26
479,logan,US,2021-12-26 20:50:54,41.7355,-111.8344,32.2,53,90,5.99
480,fairbanks,US,2021-12-26 20:50:43,64.8378,-147.7164,31.3,92,90,4.61
481,nerchinskiy zavod,RU,2021-12-26 20:52:16,51.3088,119.61,-26.77,100,11,0.6
482,hasaki,JP,2021-12-26 20:52:17,35.7333,140.8333,25.2,37,0,13.67
483,menongue,AO,2021-12-26 20:52:17,-14.6585,17.691,71.76,64,92,6.11
484,caravelas,BR,2021-12-26 20:52:18,-17.7125,-39.2481,75.07,87,58,4.81
485,sulangan,PH,2021-12-26 20:52:18,11.1373,123.7228,80.49,77,36,18.03
486,surt,LY,2021-12-26 20:52:18,31.2089,16.5887,62.76,41,100,11.79
487,utiel,ES,2021-12-26 20:52:19,39.5667,-1.2,52.23,91,100,12.19
488,san rafael,AR,2021-12-26 20:52:19,-34.6177,-68.3301,96.12,17,51,13.33
489,san cristobal,VE,2021-12-26 20:52:20,7.7669,-72.225,82.58,55,59,0.36
490,san juan,AR,2021-12-26 20:50:40,-31.5375,-68.5364,96.26,19,100,11.68
491,grand gaube,MU,2021-12-26 20:52:20,-20.0064,57.6608,77.4,91,73,6.62
492,vao,NC,2021-12-26 20:52:21,-22.6667,167.4833,76.86,77,38,5.26
493,chulym,RU,2021-12-26 20:52:21,55.0997,80.9572,16.27,96,100,6.15
494,balikpapan,ID,2021-12-26 20:52:22,-1.2675,116.8289,75.49,92,100,3.87
495,tabory,RU,2021-12-26 20:52:22,58.5198,64.5495,10.4,93,100,11.5
496,teguldet,RU,2021-12-26 20:52:23,57.3064,88.1667,2.28,95,99,3.0
497,gamba,GA,2021-12-26 20:52:23,-2.65,10.0,76.42,88,100,2.04
498,nabire,ID,2021-12-26 20:52:23,-3.3667,135.4833,76.14,93,100,2.24
499,thomaston,US,2021-12-26 20:52:24,32.8882,-84.3266,74.75,74,75,1.01
500,kichera,RU,2021-12-26 20:52:24,55.9375,110.0997,-0.27,72,74,3.94
501,surin,TH,2021-12-26 20:52:25,14.8818,103.4936,72.27,73,100,12.77
502,clovis,US,2021-12-26 20:52:25,36.8252,-119.7029,54.03,58,75,1.99
503,middletown,US,2021-12-26 20:50:28,39.5151,-84.3983,55.65,60,1,4.61
504,tucumcari,US,2021-12-26 20:52:26,35.1717,-103.725,73.24,12,1,37.98
505,paracuru,BR,2021-12-26 20:52:26,-3.41,-39.0306,84.22,79,100,7.87
506,vilcun,CL,2021-12-26 20:52:27,-38.65,-72.2333,75.94,20,0,11.14
507,buta,CD,2021-12-26 20:52:27,2.7858,24.73,74.16,74,59,1.72
508,dubti,ET,2021-12-26 20:52:28,11.7361,41.0853,78.22,44,33,8.05
509,boizenburg,DE,2021-12-26 20:53:28,53.3833,10.7167,23.88,75,0,10.0
510,waddan,LY,2021-12-26 20:53:29,29.1614,16.139,58.75,34,100,4.76
511,alyangula,AU,2021-12-26 20:53:29,-13.8483,136.4192,78.67,100,40,6.91
512,sassandra,CI,2021-12-26 20:53:30,4.95,-6.0833,80.33,86,55,6.69
513,yanam,IN,2021-12-26 20:53:31,16.7333,82.2167,67.91,86,0,0.58
514,yamada,JP,2021-12-26 20:53:31,39.4667,141.95,25.92,63,85,5.99
515,odweyne,SO,2021-12-26 20:53:31,9.4092,45.064,68.25,57,9,7.2
516,idah,NG,2021-12-26 20:53:32,7.1065,6.7342,84.31,35,20,3.4
517,northam,GB,2021-12-26 20:53:32,51.0333,-4.2167,49.48,97,67,7.56
518,necochea,AR,2021-12-26 20:53:33,-38.5473,-58.7368,69.04,52,0,12.37
519,pidhaytsi,UA,2021-12-26 20:53:33,49.2685,25.1334,16.38,91,91,4.29
520,ranong,TH,2021-12-26 20:53:34,9.9658,98.6348,74.3,90,26,5.3
521,urengoy,RU,2021-12-26 20:53:34,65.9667,78.3667,-8.12,91,77,12.26
522,jining,CN,2021-12-26 20:53:35,35.405,116.5814,19.38,47,0,4.94
523,panzhihua,CN,2021-12-26 20:53:35,26.5851,101.7128,43.65,92,0,1.54
524,salalah,OM,2021-12-26 20:53:35,17.0151,54.0924,69.19,68,4,1.88
525,saint stephen,GB,2021-12-26 20:53:36,50.3333,-4.9,49.21,100,75,8.05
526,alakurtti,RU,2021-12-26 20:53:36,66.9672,30.3491,3.49,97,76,5.21
527,oyama,JP,2021-12-26 20:53:37,36.3,139.8,35.58,40,45,4.32
528,nouadhibou,MR,2021-12-26 20:53:37,20.931,-17.0347,73.38,46,0,12.66
529,aquiraz,BR,2021-12-26 20:53:37,-3.9014,-38.3911,84.29,75,99,8.01
530,jiayuguan,CN,2021-12-26 20:53:38,39.8167,98.3,6.1,80,4,0.83
531,okhotsk,RU,2021-12-26 20:53:38,59.3833,143.3,-20.4,82,3,16.4
532,san-pedro,CI,2021-12-26 20:53:39,4.7485,-6.6363,81.05,84,55,7.61
533,igarka,RU,2021-12-26 20:53:39,67.4667,86.5833,-10.08,97,91,10.58
534,coruripe,BR,2021-12-26 20:51:04,-10.1256,-36.1756,76.96,86,100,8.01
535,maputo,MZ,2021-12-26 20:53:41,-25.9653,32.5892,78.48,85,40,4.61
536,hokitika,NZ,2021-12-26 20:50:08,-42.7167,170.9667,62.1,89,59,9.98
537,tilichiki,RU,2021-12-26 20:53:42,60.4667,166.1,-12.84,90,100,13.8
538,kavaratti,IN,2021-12-26 20:53:42,10.5669,72.642,80.42,67,0,7.54
539,samarai,PG,2021-12-26 20:53:43,-10.6167,150.6667,81.43,79,100,6.71
540,novki,RU,2021-12-26 20:53:44,56.3608,41.0775,12.25,90,100,18.86
541,ibicui,BR,2021-12-26 20:52:09,-14.8417,-39.9867,71.04,96,90,3.04
542,otaki,NZ,2021-12-26 20:50:18,-40.7583,175.15,71.76,86,100,4.0
543,craig,US,2021-12-26 20:51:01,40.5153,-107.5464,28.99,93,90,31.07
544,fredericksburg,US,2021-12-26 20:51:56,38.3032,-77.4605,69.69,38,1,3.0
545,ossora,RU,2021-12-26 20:53:45,59.2353,163.0719,-1.25,84,100,9.06
546,jalu,LY,2021-12-26 20:53:46,29.0331,21.5482,56.84,55,81,7.4
547,la ronge,CA,2021-12-26 20:53:46,55.1001,-105.2842,-23.58,68,90,3.44
548,maridi,SS,2021-12-26 20:53:46,4.9158,29.4742,74.35,65,83,4.99
549,saint anthony,US,2021-12-26 20:53:47,45.0205,-93.218,29.25,71,90,4.0
550,tigre,AR,2021-12-26 20:53:47,-34.426,-58.5796,96.3,34,20,10.36
551,maragogi,BR,2021-12-26 20:53:48,-9.0122,-35.2225,77.32,83,100,4.99
552,berlevag,NO,2021-12-26 20:53:48,70.8578,29.0864,26.55,68,75,12.66
553,kailua,US,2021-12-26 20:54:48,21.4022,-157.7394,78.75,66,20,11.5
554,paamiut,GL,2021-12-26 20:54:49,61.994,-49.6678,23.38,72,7,7.23
555,tekit,MX,2021-12-26 20:54:49,20.5333,-89.3333,85.89,44,26,5.82
556,hassleholm,SE,2021-12-26 20:54:50,56.1591,13.7664,26.26,97,14,2.21
557,trelew,AR,2021-12-26 20:53:50,-43.249,-65.3051,88.84,17,0,18.25
558,bitung,ID,2021-12-26 20:54:50,1.4451,125.1824,77.85,87,100,8.7
559,rudnyy,KZ,2021-12-26 20:54:51,52.9594,63.1206,7.38,81,100,17.81
560,rath,IN,2021-12-26 20:54:51,25.5833,79.5667,57.51,56,96,6.06
561,tevaitoa,PF,2021-12-26 20:54:52,-16.7833,-151.5,80.37,70,75,10.2
562,wahpeton,US,2021-12-26 20:54:52,46.2652,-96.6059,20.21,79,75,9.22
563,clacton-on-sea,GB,2021-12-26 20:54:53,51.7897,1.156,47.08,98,100,1.99
